Firstname,Lastname,Age,Subject,Attendance,Quiz 01 marks,Quiz 02 marks,Quiz 03 marks
Dianemarie,Richers,26.8,Maths,129,48.96,83.56,63.07
Lanna,Glovsky,26.6,Science,303,97.95,65.61,16.51
Rayna,Sekofski,19.4,Science,271,41.05,3.23,36.36
Mahalia,Letsou,18.5,Maths,70,17.63,65.63,31.14
Dulcinea,Carlson,25.7,Science,176,68.13,23.37,63.68
Feliza,Slifka,28.2,Maths,318,44.42,70.95,13.18
Edith,Zamora,25.5,English,206,24.66,67.89,99.07
Korrie,Karl,20.5,Maths,76,16.85,95.09,2.75
Nonnah,Cloris,24.5,Maths,150,82.71,58.91,79.12
Fidelia,Henrie,29.7,Science,271,37.39,56.05,91.56
Priscilla,Winnick,19.1,Maths,285,60.76,53.27,69.76
Monika,Xerxes,25.9,English,199,57.03,55.5,42.3
Sheree,Hanshaw,23.8,English,214,9.08,10.23,7.53
Merci,Leffen,27.7,Maths,80,43,64.92,86
Linzy,Celestine,26,Maths,45,66.89,24.52,57.81
Elmira,Wenda,22.2,Maths,239,16.67,45.52,81.48
Ronna,Raychel,19.5,English,195,26.87,87.11,43.37
Candi,Saree,24.3,Science,43,64.83,4.67,59.55
Roslyn,Barbey,29.1,English,295,7.77,28.27,60.56
Brietta,Kenney,20.2,Science,141,16.53,23.96,38.04
Dorothy,Poll,25,Maths,222,76.24,42.64,33.7
Ellette,Liva,23,English,47,80.94,20.57,99.45
Lenna,Amasa,18.9,Science,100,76.81,67.93,8.86
Shandie,Joli,29.8,Science,273,63.95,96.78,42.86
Esmeralda,Lindemann,27,Maths,306,54.91,12.78,54.06
Lanae,Krystle,30.9,Maths,159,31.35,20.13,4.88
Josephine,Natalia,30.8,Maths,152,40.31,80.63,96.61
Sybille,Hazlett,24.6,English,255,42.89,87.1,21.22
Betta,Burkle,25.9,Maths,151,80.04,6.52,26.34
Feliza,Lorenz,18.2,Maths,59,11.27,96.43,66.52
Karlee,Wolfgram,22,English,225,3.68,47.91,36.19
Bobinette,Iiette,26,Maths,57,52.47,0.59,32.59
Nelle,Carey,21.1,Maths,323,82.11,90.08,90.35
Mary,Joachim,23.7,Maths,162,4.37,2.52,13.88
Vonny,McClimans,27,Science,274,100.61,11.61,40.19
Gerrie,Malanie,27.5,English,65,84.24,67.3,92.15
Phylis,Halsey,27.9,Science,305,30.15,45.35,100.5
Dianemarie,Erlandson,25.8,Science,119,71.61,31.47,78.7
Phedra,Rillings,18,Science,46,10.52,75.08,55.04
Aurore,Janene,29,Science,75,40.5,55.55,14.75
Eugine,Philipp,29.5,Maths,224,57.62,66.61,49.21
Dagmar,Brian,30.5,Science,133,32.45,58.2,48.85
Lorne,Emerson,29.2,Maths,51,4.1,45.59,22.66
Winny,Nance,19.2,English,234,98.83,19.37,88.06
Lory,Thad,25.7,Maths,82,13.09,13.03,31.94
Vere,Felizio,27.1,Maths,61,0.73,34.12,43.6
Bee,Papageno,19.8,Science,327,61.8,98.04,49.78
Adelle,Zeeba,28.7,Science,124,0.43,82.08,88.65
Bernardine,Nore,21.4,English,263,4.04,90.4,30.96
Jordan,Herrera,28.6,Maths,186,43.12,61.09,2.25
Yolane,Ventre,30.5,Science,110,29.24,2,56.21
Elise,Liebermann,27.6,Science,203,9.66,34.71,80.28
Loree,Greenwald,27.8,Maths,256,10.67,70.55,77.33
Charissa,Kesley,30.7,Science,19,43.87,72.08,8.58
Doro,Zachary,27,Science,210,73.12,41.97,33.32
Mariann,Celestine,21.5,English,236,32.72,19.49,23.75
Fanny,Hollingsworth,28.7,Science,269,86.45,35.27,32.78
Leia,Heisel,25.5,Maths,196,16.78,100.22,39.07
Alyda,Urias,24.3,Science,13,94.8,34.69,56.95
Kylynn,Taima,18,Science,249,59.76,64.88,17.02
Modestia,Maroney,29.8,Maths,86,72.67,97.04,56.71
Mildrid,Lindemann,18.6,Maths,275,43.77,28.21,24.02
Olivette,Fitzsimmons,18.8,Maths,239,45.03,20.6,1.87
Therine,Hieronymus,18.4,English,173,66.84,55.77,16.72
Jaclyn,Pattin,21.2,Maths,258,32.14,52.96,86.55
Henriette,Sophronia,29,English,212,55.27,31.33,95.76
Florie,Colbert,23.2,Maths,116,25.43,91.79,14.75
Loree,Old,23.6,Maths,208,57.94,96.11,30.06
Alejandra,Parette,26,English,213,31.39,86.27,95.91
Barbi,Joachim,21,English,253,1.4,80.68,24.74
Ardys,Lilas,22.9,Maths,151,93.47,74.79,3.5
Meriel,Wittie,26.4,Maths,137,61.87,20.79,35.52
Lusa,Chandler,27.5,English,218,47.71,0.45,61.01
Sabina,Junie,24.9,Science,294,32.78,18.07,58.39
Ruthe,Haerr,29.7,Science,327,79.63,68.55,91.12
Tami,Melan,21.4,English,171,15.04,89.38,77.86
Hyacinthe,Gaspard,22.1,English,230,79.38,47.89,95.75
Fredericka,Idelia,20.7,Science,201,35.98,11.18,87.2
Jeanna,Colbert,25.8,English,141,2.6,81.58,82.15
Kylynn,Argus,30.2,English,228,65.97,24.96,74.39
Cissiee,Tybald,30.9,English,37,98.52,100.48,30.56
Theodora,Meli,26,Science,133,17.37,55.03,15.85
Dione,Monk,28.3,Maths,37,95.01,16.69,21.1
Averyl,Pearse,19.3,Science,56,73.78,46.3,86.46
Libbie,Pandolfi,23,Science,9,42.27,9.06,80.06
Tani,Iphlgenia,21,English,331,36.14,32.88,75.34
Cristine,Phaidra,23.9,Science,330,84.97,73.96,25.05
Carmencita,Mullane,18.9,English,295,34.26,29.88,35.44
Lexine,Stelle,22.6,Maths,266,74.2,16.65,97.4
Dulcinea,Bryna,19.4,Maths,364,30.22,87.57,32.2
Gerrie,McCutcheon,28.4,English,289,49.24,85.25,76.72
Deedee,Carey,26,English,75,46.24,15.9,95.34
Madalyn,Aloise,27.7,Science,209,32.89,84.78,14.53
Janis,Timon,28,English,229,14.78,36.85,68.18
Emylee,Soneson,28.2,Science,157,98.79,40.79,22.43
Dede,Scammon,24.4,Maths,335,52.32,7.93,6.43
Phedra,Reneta,24,English,336,94.5,27.79,47.34
Carmela,Afton,22.4,English,255,79.55,85.55,6.4
Albertina,Grimbly,29.5,English,256,53.01,76.65,91.8
Candy,Diogenes,18.6,English,6,82.84,49.86,19.62
Elsie,Dom,19.8,Maths,179,6.34,50.9,92.12
Corina,Kathie,21.1,English,274,49.09,86.07,60.09
Merrie,Concha,20.2,English,145,99.87,39.15,78.67
Nerta,Keelia,28.8,Science,161,38.79,78.69,83.74
Lyssa,Pip,20.9,Maths,351,64.69,21.74,22.54
Siana,Alva,18,Science,139,69.95,24.57,38.52
Kirstin,Krystle,28.9,Maths,208,76.94,51.31,18.67
Stephanie,Kat,27.1,Maths,130,5.68,12.76,25.17
Candi,Stacy,28,Maths,15,32.38,37,86.9
Ericka,Haerr,20.8,Maths,294,78.91,41.8,3.1
Maisey,Johnsson,30.8,Science,46,7.84,89.35,90.73
Adele,Lunsford,30.5,Maths,203,10.66,19.49,10.76
Daune,Redmond,18.6,English,192,52.69,83.27,33.9
Albertina,Karna,29.2,Maths,12,58.3,1.92,98.91
Letizia,Juan,28.9,Maths,221,81.13,81.19,81.54
Jeanna,Crudden,22.3,Maths,170,47.17,80.73,100.3
Amara,Arathorn,25.4,English,21,45.34,10.59,94
Frieda,Nester,27.6,English,364,15.43,19.75,15.8
Aeriela,Lunsford,30.1,English,295,57.2,24.5,73.11
Arlena,Riordan,21,Maths,178,89.83,82.71,30.19
Abbie,Dermott,28.4,Science,232,93.53,37.07,84.75
Karlee,Maxi,21.3,Maths,253,94.64,40.49,89.83
Catrina,Jenness,28.6,Maths,100,6.73,41.67,23.5
Gilda,Danby,20.8,Maths,320,17.45,72.53,56.02
Arabel,Kiyoshi,25.7,Maths,308,4.05,90.19,75.59
Sheree,Roumell,24.4,Maths,8,6.91,90.03,60.85
Gerianna,Carolin,28.1,Maths,32,28.99,50.56,33.79
Felice,Ephrem,29.8,English,29,61.31,41.94,31.66
Ericka,Diann,23.9,Maths,139,58.23,63.86,60.89
Donetta,Couture,30,Maths,288,80.45,75.97,75.62
Mireielle,Cutlerr,24.2,Science,241,38.31,21.89,72.89
Deirdre,Mitzi,24.2,English,42,18.32,81.74,38.2
Nicoli,Baptlsta,19.9,English,177,90.61,49.86,87.67
Danika,Olnee,29.6,Science,266,93.68,74.98,39.35
Flo,Celestine,25.4,English,175,14.4,0.72,83.04
Xylina,Fadiman,21.8,Science,69,14.01,65.65,39.62
Norine,Ricki,27.7,English,180,48.56,99.49,15.57
Elise,Camden,19.1,Science,12,85.59,37.53,31.19
Leanna,Grosz,22,English,200,85.9,34.71,15.28
Danny,Katrine,21.5,Maths,18,13.16,95.06,55.82
Jacenta,Lauraine,27.5,Science,84,90.75,45.79,87.99
Basia,Hailee,24.6,Science,71,10.66,75.34,68.11
Katleen,Alarise,23.3,Science,110,35.34,59.84,9.66
Florencia,Colleen,25.5,Science,61,18.16,3.37,44.14
Diena,Merat,19.5,Science,214,38.98,79.12,53.59
Agathe,Baudin,20.3,English,221,18.73,16.6,6.23
Caryl,Rheingold,30.8,Maths,234,8.41,41.94,39.18
Marti,Zamora,28,Maths,322,54.04,19.46,21.77
Regina,Gillan,25,Science,130,14.83,98.37,61.56
Ofilia,Hourigan,25.6,Science,61,62.24,1.96,54.51
Annabela,Ephrem,25.7,English,262,31.91,61.25,36.87
Emelina,Percy,20.6,English,101,86.08,84.65,17.36
Adriana,Septima,29.1,English,217,23.93,10.13,50.37
Jordan,Hieronymus,29.8,Maths,273,96.98,91.01,91.2
Ariela,Garek,30.8,English,87,44.32,8.39,65.84
Yvonne,Berriman,19.3,Science,212,42.86,2.75,59.57
Emmey,Alarise,19.2,Maths,170,30.94,95.32,35.87
Frances,Lytton,22.9,English,126,46.83,9.58,75.73
Kristan,Pernick,25.1,Science,349,45.88,55.05,15.56
Sam,Frendel,24,Maths,121,82.02,67.75,14.81
Lacie,Hieronymus,23.1,Maths,177,90.38,20.86,22.84
Kylynn,Kosey,26.3,English,239,70.76,21.7,25.54
Harmonia,Pernick,28.1,English,299,99.89,73.19,36.91
Alejandra,Thilda,23.1,Science,25,26,64.83,52.06
Phedra,Bonucci,24.5,English,132,14.96,43.32,56.64
Iseabal,Tarrant,29.7,Science,169,26.26,37.45,61.22
Valli,Wyn,21.2,Science,303,17.63,97.18,66.07
Kelly,Velick,18.3,English,260,83.54,65.2,47.75
Madelle,Vins,22.6,English,293,96.31,61.94,33.6
Marika,Raffo,29.6,Science,360,41.68,52.21,100.22
Max,Felizio,18.9,English,113,37.32,17.8,67.18
Inga,Brittani,27.7,Science,118,50.25,59.35,77.29
Lynea,Tufts,30.8,Maths,303,73.83,64.77,72.48
Marsiella,Goode,20.6,English,152,40.21,8.2,84.09
Wanda,Alexandr,28.8,Maths,351,45.35,46.82,58.32
Sharlene,Ochs,22.6,Maths,262,49.9,50.03,10.36
Malina,Mathilde,19.3,English,172,71.47,2.95,77.51
Dorthy,Goerke,25.5,Maths,322,72.67,77.71,23.44
Joane,Maxi,20.3,English,192,44.73,90.58,42.37
Gretal,Candy,29.9,Maths,339,74.69,41.81,84.26
Fayre,Wiener,24.4,Science,287,92.5,56.69,8.2
Gerianna,Clarissa,22.6,English,213,10.15,56.68,49.64
Elyssa,Capello,20.1,English,243,13.19,66.72,79.34
Marsiella,Yerkovich,22.3,Maths,156,51.3,79.31,69.39
Annaliese,Center,24.4,English,226,29.47,8.71,40.75
Kara-Lynn,Parette,26,Maths,325,50.37,63.04,1.41
Deirdre,Maryanne,26.6,Science,98,96.17,74.78,34.78
Arlena,Willie,27.3,Science,250,14.78,46.29,20.31
Dominga,Glenden,18.7,Maths,202,76.33,43.07,42.24
Ardeen,Wyn,23.6,Maths,214,15.55,37.86,0.68
Frank,Shelba,23.3,Science,64,10.36,12.54,51.06
Cassondra,Sawtelle,24.8,Science,25,74.81,17.08,24.83
Wynne,Salchunas,23.9,Science,289,85.5,41.77,16.78
Caryl,Leary,30,Science,271,76.48,98.97,6.6
Atlanta,Wareing,30.9,Science,66,7.84,93.27,0.15
Donnie,Palocz,24,Maths,280,62.2,57.11,30.28
Lita,Tacye,19,Maths,307,11.69,75.04,82.97
Ericka,Ardra,29.7,Maths,334,98.22,61.79,5.99
Charlena,Faro,19.3,English,350,74.62,58.59,82.28
Heida,Tremayne,27.3,Science,158,62.71,41.17,47.12
Chickie,Reinke,27.3,Science,306,89.62,100.44,38.68
Luci,Stefa,28,Maths,351,26.64,66.31,14.03
Edyth,Garbe,30.5,Science,52,19.55,62.26,52.97
Candy,Ashely,23.4,Science,25,100.19,39.33,8.24
Andree,Johnsson,30.9,Maths,180,5.24,92.04,10.49
Blondelle,Haymes,25.8,Science,224,51.24,79.02,25.18
Heddie,Eldrid,23.7,Maths,48,88.31,96.43,29.58
Gusty,Evangelia,26.8,Science,147,57.74,57.85,96.99
Amii,Publia,30.3,English,289,45.67,44.27,62.41
Verla,Camden,22.5,Science,235,64.3,91.5,29.86
Gwenneth,Sandye,19.3,Science,131,47.18,100.86,56.11
Rosaline,My,21,Maths,89,59.08,30.42,45.99
Ethel,Si,19,English,289,28.12,22.71,81.46
Raina,Karl,18.5,Maths,306,16.41,62.58,6.77
Hildegaard,Jarib,27.4,Maths,63,84.66,82.41,43.26
Mamie,Screens,18.2,Science,293,79.2,42.82,38.74
Zia,Mauer,24.5,Science,187,84.26,92.98,79.41
Lorne,Malanie,21,Maths,283,10.05,46.41,73.53
Leona,Grosz,19.5,Science,255,97.65,21.6,58.16
Deirdre,Kolnick,21.5,Maths,7,71.87,48.4,40.63
Bee,Peg,18.6,English,214,5.2,79.06,40.93
Raquela,Paine,20.7,English,12,3.32,54.9,88.29
Deloria,Ricarda,27.5,English,300,56.29,93.31,89.92
Dede,Lay,26.5,English,61,43.46,97.36,90.02
Caressa,Blisse,29,English,211,16.42,43.68,82.45
Tiffie,Tannie,19.3,Maths,86,23.59,36.99,81.21
Helsa,Thunell,24.5,Maths,167,58.04,80.03,38.48
Minne,Chandler,22,English,348,8.02,29.87,88.9
Aryn,Decato,19.7,English,157,38.47,52.68,92.45
Carree,Socha,19,Science,24,34.56,64.82,48.17
Trixi,Kronfeld,26.1,Science,65,63.77,13.59,50.67
Averyl,Christine,22.1,English,93,55.55,91.61,53.45
Jenda,Gwenore,28.2,English,62,38.94,64.99,35.54
Ernesta,Tiffa,25.5,Maths,98,51.28,16.03,36.91
Arlina,Amand,27.8,Maths,272,87.04,98.09,58.28
Annecorinne,Redmond,30.8,Science,62,72.64,24.22,1.38
Magdalena,Mintz,19.2,Maths,275,90.05,68.83,7.88
Stevana,Lubin,18.6,Science,87,74.95,98.16,12.71
Amalie,Hailee,24.9,Science,101,37.48,47.25,41.15
Bobbi,Bethany,26.7,Science,174,88.59,1.37,86.74
Zsa Zsa,Fancie,21.2,English,127,43.62,54.54,84.93
Tina,Vins,18.7,Maths,167,47.27,43.65,55.6
Dorene,Travax,22.1,Science,5,82.17,40.81,14.13
Kirstin,Wiener,25,Science,43,97.58,27.35,17.78
Ketti,Merat,28.5,Science,259,84.67,79.99,8.08
Tabbatha,Forrer,19.7,English,64,95.8,92.85,78.87
Luci,Gherardo,22,Science,59,100.07,68,30.93
Rochette,Bonilla,21.8,Maths,306,34,70.47,3.42
Michaelina,Elbertina,19.9,English,338,10.65,26.85,77.78
Daphne,Edee,28.5,English,132,17.98,96.42,3.52
Chandra,Hanshaw,25.4,Science,86,11.19,16.74,82.17
Maud,Yorick,25.7,English,135,54.61,46.96,40.3
Inga,Vale,22.2,Science,144,58.59,32.04,75.22
Renae,Hourigan,20,Science,140,44.73,7.41,33.13
Margarette,Swigart,30,English,211,17.44,82.88,76.65
Oralee,Socha,27.4,Maths,165,77.37,53.24,87.44
Sophia,Boehike,28.8,Science,185,10.2,48.15,43.48
Jennica,Kenney,30,Science,59,88.3,79.83,40.05
Bill,Septima,30.1,Science,293,86.18,76.92,70.09
Jessy,Sacken,21.6,Maths,340,24.4,93.63,48.44
Fredericka,Albertine,27.4,Science,17,5.67,59.81,2.38
Gabriellia,Tengdin,29.9,English,239,52.28,85.81,47.43
Tatiania,Korey,28.4,English,364,76.12,87.36,85.13
Rhea,Roarke,26.1,Science,344,18.52,15.4,48.13
Justinn,Maxi,30.2,Maths,145,41.92,48.03,100.49
Roslyn,Pond,22,Maths,163,97.16,88.69,42.76
Nyssa,Pip,23,Maths,149,1.28,93.15,86.27
Angelique,Curren,18.8,Maths,304,99.14,99.58,32.66
Audrie,Trace,22.7,Science,80,21.72,2.21,58.96
Hollie,Strephon,30.1,Science,181,76.6,59.87,66.68
Jsandye,Armanda,29.9,Science,106,11.27,21.2,100.2
Lory,Rosette,20.1,Maths,4,21.15,24.75,42.63
Yvonne,Chem,30.1,Maths,75,82.51,40.97,83.33
Talya,Yam,25.8,English,301,89.96,63.65,67.62
Talya,Matthew,30.5,Science,226,29.15,51.68,98.89
Regina,Brieta,18.4,English,265,18.71,54.41,67.06
Lulita,Demitria,27.9,Science,62,34.28,48.69,44.13
Nita,Eno,30.8,English,272,12.87,69.89,20.97
Elena,Damarra,20.2,English,244,5.09,3.81,62.09
Kathi,Redmond,24.1,Science,280,73.43,22.44,100.03
Regina,Etom,22.8,English,27,54.26,91.72,75.78
Olivette,Joseph,24.8,Maths,76,90.13,71.04,46.54
Carilyn,Felecia,19,Maths,71,48.25,38.37,63.56
Zaria,Joni,23.9,Science,233,95.81,26.3,93.05
Agnese,Colp,20,English,232,68.79,42.25,72.31
Neila,Agle,26.6,English,135,2.64,72.83,16.56
Georgina,Kevon,20.7,Maths,86,20.14,30.93,76.08
Cassandra,Salchunas,31,English,218,29.21,6.28,44.74
Chickie,Wesle,21.4,Maths,326,23.91,42.02,14.58
Steffane,Elsinore,19.9,English,37,72.04,46.87,17.51
Eadie,Greenwald,27.8,Maths,258,45.59,70.27,53.61
Livvyy,Mitzi,26.5,Maths,293,2.17,44.66,32.39
Dorothy,Pond,28.9,Science,355,13.86,15.1,21.84
Elbertina,Joseph,30.6,English,355,13.26,20.46,58.94
Dania,Virgin,22.2,Maths,336,53.42,27.75,29.56
Almeta,Schalles,30.3,Maths,89,40.13,84.66,85.2
Jacquetta,Hieronymus,28.4,Science,244,13.34,3.68,74.1
Nataline,Seumas,29.1,English,262,5.28,32.13,19.77
Therine,Faria,26.8,Maths,201,68.09,19.3,1.51
Cassondra,Lemuela,30.3,Maths,182,100.9,47.49,30.21
Madeleine,Flyn,27.6,Science,318,68.67,36.63,27.65
Shaine,Marlie,24.2,Maths,324,0.33,32.74,55.06
Malina,Chabot,24.7,Maths,213,34.5,30.42,93.75
Kristan,Lutero,20.6,English,62,30.13,51.47,90.74
Bill,Christal,21.8,Science,264,62.09,44.92,93.24
Romona,Nea,29.7,English,109,52.36,65.6,34.73
Fina,Linehan,19.2,Science,254,16.09,76.38,49.84
Lonnie,Curren,20.3,Maths,35,4.48,85.56,35.6
Carlie,Tatianas,20.4,Science,260,8.93,28.1,12.34
Joy,Alejoa,29,English,185,92.96,91.06,12.72
Mathilda,Dermott,27.2,Maths,120,45.31,38.67,59.05
Rochette,Drisko,21,Science,4,84.19,30.33,21.9
Norine,Marijo,23.1,English,190,21.79,57.33,20.41
Dawn,Tound,30.1,Maths,14,19.8,74.99,16.57
Josephine,Girardo,24.5,Maths,247,60.62,84.03,58.42
Sara-Ann,Tomasina,25.3,English,110,18.44,65.08,97.72
Silvana,Regan,25.1,Maths,37,89.06,4.68,0.73
Sallie,Seessel,27.4,Science,179,94.09,63.41,65.85
Verla,Lynn,30.3,Maths,127,27.66,49.52,90.83
Kelly,Markman,24.1,Maths,67,0.51,92.11,85.65
Anthia,Giff,22.9,Science,180,56.85,23.78,9.07
Jessy,Jerold,23,Maths,359,39.91,95.8,43.48
Minne,Martsen,29.9,Science,147,5.84,26.62,9.87
Glenda,Hutchison,28.3,English,348,16.36,86.9,67.12
Hayley,Ephrem,29.5,Science,127,75.02,77.09,96.2
Ursulina,Lorain,27.6,English,88,50.12,87.65,77.19
Arabel,Mata,27.7,Science,139,30.87,52.41,58.09
Katharina,Dichy,18.3,Maths,304,46.42,86.07,59.21
Jeanna,Anderea,18.4,English,45,38.53,60.71,12.55
Deane,Fulmer,22.4,Science,195,30.46,54.37,80.67
Roxane,Fosque,28.7,English,57,26.52,4.07,12.59
Bibby,Silvan,18.1,Maths,312,32.9,58.42,67.21
Cecile,Leifeste,30.7,Maths,254,23.77,64.62,1.92
Selma,Daniele,25.5,English,187,55.9,4.64,4.55
Dari,Stilwell,22.5,Maths,113,24.17,61.78,51.25
Cyndie,Hillel,25.6,English,47,15.56,67.53,13.93
Moyna,Sperling,22.7,English,328,78.72,17.93,42.18
Kary,Christine,29.8,Science,58,10.69,59.43,29.47
Chickie,Bohlin,28.9,Science,215,14.05,24.76,33.74
Lesly,Mozelle,18.4,Maths,188,50.44,75.33,58.69
Jackie,Phyllis,30.1,Maths,357,40.56,40,21.43
Wynne,Forrer,21.7,English,357,46.62,51.27,30.11
Ermengarde,Suanne,30.9,English,105,88.52,92.35,56.29
Arlena,Arley,24.7,Maths,56,47.54,65.14,41.48
Selia,Linehan,19.5,English,90,22.86,85.27,0.86
Marti,Wooster,24.2,Science,262,32.49,80.26,19.61
Dania,Cressida,18.4,Maths,273,81.04,12.44,29.28
Pollyanna,Tyson,28.5,Maths,135,63.49,82.08,1.11
Amii,Love,22.2,English,286,5.73,33.59,47.6
Ericka,Wesle,18.6,English,107,22.86,12.87,82.66
Jackie,Revkah,26.8,Science,120,2.55,40.02,52.28
Jerry,Sammons,22.1,Science,147,8.06,38.72,94.61
Paola,Soneson,24.2,English,217,74.56,67.68,34.48
Danny,Daveta,27,English,4,99.33,80.34,77.07
Jerry,Aida,25.3,English,130,83.68,50.05,7.94
Candy,Percy,23.1,Maths,200,91.81,61.42,3.21
Glenda,Thar,21.6,Maths,329,10.54,56.94,10.5
Meg,Durante,19.3,Science,334,71.58,66.09,98.27
Lesly,Lareena,30.5,English,87,84.63,45.83,47.78
Zaria,Carleen,30.2,English,122,78.54,96.91,18.43
Karlee,Tjon,22.2,Maths,152,97,74.78,17.5
Tami,Katrine,21.9,English,253,47.75,53.95,55.69
Jobi,Terrence,19.7,Maths,254,54.26,64.42,4.39
Asia,Lorenz,24.7,English,344,41.18,70.85,30.82
Alisha,Dyche,18.9,English,50,95.89,78.16,78.58
Madeleine,Henebry,27.9,English,156,28.94,49.73,43.15
Gretal,Dash,20.9,Maths,200,46.13,29.72,37.23
Jerry,Donell,23.4,Maths,297,87.72,55.56,78.4
Kirbee,Jacinda,26.8,Maths,356,3.78,85.56,17.43
Charissa,Hull,29.9,English,255,91.28,45.15,4.09
Selma,Craggie,24.4,Maths,356,33.63,76.76,50.59
Phedra,Gower,23.3,English,200,35.82,25.49,31.3
Hyacinthe,Alexandr,26,Science,206,91.01,56.25,86.54
Alameda,Taam,28.8,Maths,201,97.4,3.75,29.49
Xylina,Willie,18.7,Maths,361,45.16,40.57,51.1
Corene,Simmonds,20.8,Science,342,42.12,52.43,12.39
Anestassia,Hanshaw,25.8,English,131,71.96,91.74,87.14
Merci,Emmaline,21,English,62,51.88,43.67,24.06
Reeba,Saint,29.8,Maths,179,64.75,51.91,46.05
Patricia,Harned,23.4,Maths,28,70.45,47.27,29.2
Renie,Hillel,29.8,English,61,88.37,4.2,58.49
Max,Ezar,18.5,English,189,41.6,11.54,16.59
Lonnie,Myrilla,18.9,Maths,10,15.96,56.82,49.31
Lynde,Hessler,24.4,Maths,325,22.52,73.72,66.17
Ronna,Garek,18.5,Maths,136,13.08,86.48,54.68
Ilse,Alice,24.2,Science,347,19.83,80.58,61.76
Ronna,Bandeen,21.7,English,203,26.94,63.52,16.88
Ekaterina,Iaverne,22.8,Science,180,35.31,46.11,10.36
Livvyy,Naor,29,English,280,36.81,9.96,72.81
Aigneis,Georas,30.9,Maths,360,4.73,1.54,27.76
Grier,Lasley,27.5,English,219,93.87,61.19,46.82
Bee,Sisile,21.8,English,111,70.87,44.04,60.36
Ira,Zeeba,26,Science,183,90.29,62.82,26.52
Halette,Peti,24.3,Science,160,37.6,58.19,43.43
Roberta,Imelida,24.6,Science,314,79.23,94.32,3.12
Orelia,Halsey,20.1,Science,129,54.43,37.17,72.7
Merrie,Sallyann,21.4,Science,246,22.47,63.83,79.63
Ida,Luhe,24.3,English,351,68.01,72.52,36.72
Adore,Tillford,19.1,Maths,28,68.06,44.39,25.58
Raquela,Han,20.3,Science,54,42.04,37.08,12.15
Amelia,Braun,23.1,Maths,119,31.21,64.51,66.1
Sarette,Concha,30,English,134,11.55,25.91,39.18
Dacia,Lytton,29.2,Maths,221,33.16,46.96,62
Georgetta,Madaih,29.8,Maths,71,23.35,60.36,29.6
Myrtice,Paine,26,Maths,30,60.55,34.25,8.82
Vanessa,Ardeha,28.8,English,40,34.43,46.78,60.52
Tybie,Decato,31,English,105,74.03,30.69,88.63
Genovera,Ashok,29.7,English,321,38.46,23.02,63.22
Teddie,Dearborn,29.2,English,70,65,92.68,46.15
Yolane,Pearse,28.1,Science,85,2.76,62.29,33.68
Ekaterina,Amand,22.4,Maths,11,61.86,87.64,97.5
Jillayne,Garbe,30.6,Science,209,18.99,81.28,2.06
Sara-Ann,Behre,21.3,Maths,164,20.73,5.41,16.9
Ann-Marie,Hylan,21.9,English,248,78.9,78.83,81.19
Nita,Caitlin,19.3,Maths,306,42.49,79.06,18.65
Robinia,Georas,27.8,Maths,311,39.99,35.13,55.91
Elka,Egbert,27.6,Maths,126,68.59,68.7,90.31
Basia,Eliathas,18.9,Maths,79,17.64,70.86,4.61
Myriam,Eldrid,20.7,Science,317,89.67,52.51,27.49
Ernesta,Drisko,22.5,Maths,136,24.15,75.29,10.27
Kate,Talia,20.3,Science,87,86.63,49.9,2.45
Sandie,Lynn,22.8,Science,173,56.4,11.72,90.89
Theodora,Emmy,26.9,Science,300,35.43,78.64,10.08
Dorice,Philipp,22,Science,308,7.2,69.51,0.25
Marylou,Colbert,25.5,Maths,201,92.05,78.69,83.69
Delilah,Jalbert,22,English,288,66.72,33.81,64.99
Vevay,Dichy,19.4,English,131,51.61,53.45,62.21
Malina,Brenn,25,English,138,73.12,94.08,79.97
Tonia,Hoenack,30.1,Maths,122,46.67,82.33,8.33
Gretal,Tillford,22.3,English,355,7.86,19.36,13.92
Merrie,Kirstin,24.1,Science,333,21.09,50.35,87.45
Helsa,Maryanne,28.4,Science,310,40.85,60.99,77.28
Krystle,Drus,27.8,Science,185,43.2,13.27,23.67
Letizia,Thar,19.3,Maths,324,0.67,22.15,84.91
Edee,Japeth,25.1,Maths,326,35.66,70.81,8.79
Dari,Armanda,20.7,Science,107,37.74,35.52,64.46
Rubie,Maisey,28.2,English,75,89.37,52.41,51.62
Lacie,Telfer,23.8,Maths,216,53.77,87.34,49.31
Iseabal,Dituri,28.6,Maths,362,39.95,34.19,4.9
Raquela,Infield,27.1,English,314,94.65,10.43,3.13
Trudie,Moina,23.7,English,299,79.23,60.26,54.03
Dorice,Ackerley,18.3,English,26,1.49,50.94,57.89
Vevay,Skurnik,24.3,English,252,95.65,10.41,75.05
Merry,Clara,24.6,Science,365,97.48,3.16,48.68
Rochette,Rudolph,29.2,Maths,267,30.06,51.54,54.86
Kirbee,Kathie,18.1,Science,271,11.36,3.38,97.18
Lindie,Arvo,18.2,Maths,177,42.93,80.8,24.01
Kamilah,Felizio,18.3,English,5,21.28,65.42,41.23
Sam,Jorgan,28.5,Maths,341,30.94,15.01,78.25
Suzette,Tufts,30.5,Maths,34,68.29,80.2,32.91
Bobbi,Miru,27.8,English,252,33.54,2.98,35.43
Berget,Allina,30.4,English,67,81.21,62.93,20.04
Camile,Sundin,28.9,Science,327,65.96,81.27,15.97
Imojean,Boycey,24.2,Science,147,67.92,21.29,53.81
Raquela,Karl,19.5,Maths,127,100.03,57.63,7.51
Gusty,Cloris,18.1,Science,307,95.23,93.07,27.01
Janis,Vilma,30.2,English,134,40.86,83.92,41.89
Eolanda,Ietta,26.4,Maths,201,66.62,92.84,66.32
Lesly,Travax,22.7,English,123,33,59.49,84.13
Sidoney,Means,23.8,Maths,207,83.44,6.08,25.2
Sonni,Bertold,28.5,Maths,129,27.95,66.77,64.84
Tybie,Sammons,30.7,English,345,79.26,19.09,89.34
Consuela,Lasley,25.1,English,47,82.57,96.51,96.01
Barbi,Marisa,20.4,Science,108,68.51,58.09,81.14
Roz,Colbert,22.7,Science,158,97.89,91.86,56.88
Quintina,Garrison,26.5,Science,310,31.63,10.35,76.78
Carlie,Lea,19.2,English,238,75.29,45.22,49.5
Jenda,Mott,23.6,Science,319,39.48,31.65,59.77
Tamqrah,Primalia,19,Maths,281,69.69,35.8,16.47
Kary,MacIntosh,23.6,Science,129,12.38,17.43,49.43
Yolane,Honoria,29.5,Maths,344,8.18,47.83,1.52
Linzy,Hilbert,27.6,Science,253,64.41,10.97,88.48
Marline,Thar,30.7,English,114,68.53,74.42,80.48
Briney,Lowry,26.6,Maths,52,72.96,76.74,97.1
Arlina,Kosey,25.1,Science,241,45.74,83.1,33.04
Brena,Terencio,19.3,English,58,9.83,79.11,66.7
Dione,Magnolia,21.4,Maths,161,14.13,42.89,79.63
Susette,Garbe,30,English,119,49.93,20.56,41.51
Doralynne,Lindemann,30.7,Maths,30,98.62,87.98,14.83
Agnese,Ajay,28.4,Science,79,71.3,26.7,64.5
Lily,Stover,22.9,English,215,48.75,60.85,68.83
Kathy,Wiener,21.9,English,32,19.18,80.08,62.76
Jobi,Allina,23.4,English,248,16.38,63,80.65
Jennica,Terrence,28.8,Science,63,42.18,77.86,83.72
Emylee,Mehalek,24.6,Science,198,55.8,23.41,48.37
Jessy,Alrich,25.8,Maths,322,5.05,4.23,2.5
Alia,Publia,23.7,Science,129,90.69,93.24,97.06
Sindee,Suanne,27.4,Science,10,53.75,3.56,82.05
Vivia,Kellby,20.9,Maths,189,90.45,62.85,6.84
Jany,Simmonds,23.3,Science,238,57.51,53.54,1.53
Mariann,Zitvaa,23.9,Maths,41,97.06,50.42,56.41
Nanete,Infield,25.4,English,221,44.84,55.72,74.69
Annecorinne,Fiann,19.1,Maths,212,5.06,89.88,82.8
Andree,Garrison,22.5,English,336,97.27,72.01,70.83
Annecorinne,Kazimir,23.1,Science,308,89.46,51.34,90.39
Corry,Azeria,18.7,Maths,24,45.34,8.03,7.06
Philis,Kelula,18.1,English,264,11.84,32.37,65.93
Nyssa,Heisel,18.7,Maths,290,86.72,14.96,27.41
Kerrin,Malvino,18.5,English,322,81.59,49.12,25.48
Tani,Myrilla,18.6,Maths,26,50.95,41.33,83.53
Dode,Candy,29.2,Maths,29,39.19,98.43,72.46
Clary,Bollay,22,English,333,0.8,79.33,91.49
Frank,Allina,25.4,Maths,289,10.36,84.6,62.32
Lila,Cimbura,28.8,Maths,138,97.85,97.67,59.06
Beverley,Truc,19.8,English,86,15.13,16.76,53.02
Janis,Dichy,27.5,English,155,38.5,7.35,53.96
Ofilia,Merell,22.1,Maths,318,84.48,2.91,59.26
Vivia,Wolfgram,23.4,Maths,46,60.32,89.09,95.84
Katuscha,Garrison,21.3,English,201,22.69,4.21,17.25
Daphne,Daniele,19,Maths,166,56.74,55.06,72.5
Aurelie,Suzetta,28.5,Maths,201,8.03,93.74,45.96
Tatiania,Tillford,22.2,English,364,85.15,94.35,58.82
Kirstin,Kelula,29.3,English,318,68.58,95.5,94.91
Robinia,Linskey,20.2,Science,149,17.1,28.87,85.36
Taffy,Posner,26.8,Science,306,85.89,61.36,68.23
Aaren,Old,23,English,329,4.24,13.6,63.44
Kirbee,Firmin,18.5,Science,132,96.12,6.72,60.66
Fanchon,Mendez,29.7,English,155,43.33,53.22,8.69
Patricia,Donell,21.9,English,194,43.55,55.6,16.23
Kirstin,Vittoria,29.6,Science,206,81.14,36.86,45.9
Dania,Jefferey,30.2,Science,158,91.94,10.07,67.58
Gretal,Gemini,18.4,English,167,70.59,47.83,46.92
Nonnah,Havens,25.9,English,252,69.72,6.5,60.78
Beatriz,Hartnett,20.5,Maths,204,11.23,81,94.38
Aili,Krystle,21.2,Maths,292,79.71,96.44,38.44
Shell,Jorgan,26.9,Maths,88,94.31,77.07,3.16
Mignon,Goerke,31,Maths,199,93.65,1.43,98.55
Sashenka,Voletta,23.6,English,267,53.05,52.38,86.89
Gwenneth,Bendick,28.4,English,272,2.67,84.31,100.63
Lory,Malanie,28,Maths,177,21.74,6.23,87.69
Emylee,Joli,27.2,English,73,37.78,34.42,67.55
Renie,Alexandr,29.4,English,274,94.38,34.03,61.73
Constance,Brandice,21.3,Science,343,59.15,32.2,94.77
Celisse,Santoro,29.5,Maths,129,62.17,8.53,47.94
Nickie,Grimbly,30.1,Science,199,20.51,17.3,59.29
Jacenta,Odysseus,27.5,Maths,110,1.53,39.43,38.74
Gretal,Nunci,28.4,English,104,66,51.83,85.02
Jolyn,Shanley,21.4,English,1,41.23,97.01,39.14
Noelle,Ezar,18.6,English,277,3.48,31.63,2.85
Layla,Vale,28.2,Maths,188,81.94,98.89,35.53
Nerta,Goode,27.3,Science,115,32.07,2.46,24.1
Zsa Zsa,Rugen,30.2,Maths,314,22.47,86.96,32.28
Lelah,Aprile,19.6,Maths,97,30.46,74.85,40.21
Elise,Melony,21.9,Maths,13,32.29,66.35,50.36
Lenna,Slifka,20.6,Maths,330,22.95,8.99,47.06
Gabi,Saint,19.6,English,347,54.09,83.93,35.17
Jan,Mathilde,18.6,English,60,17.47,98.99,75.36
Sam,Kermit,18.2,Maths,356,75.78,31.02,5.13
Silvana,Amand,21.3,Maths,204,3.06,40.21,53.48
Edyth,Haerr,20.8,Maths,298,26.89,56.89,47.2
Pollyanna,Gaulin,22.8,Science,235,69.7,58.54,67.12
Mahalia,Demitria,21,Science,360,24.62,93.43,76.65
Kayla,Emmy,27.8,Science,105,84.99,14.11,61.05
Ayn,Edmund,26.7,Maths,281,56.17,74.89,99.08
Siana,Roche,26.2,Maths,215,60.12,15.88,70.58
Sabina,Bartlett,23.3,Science,215,91.92,21.18,67.82
Anica,Franza,29.7,Science,31,73.09,71.63,11.05
Nannie,Goode,18.6,Science,225,61.26,92.86,7.66
Latisha,Hourigan,27.7,Science,157,85.81,9.91,28.14
Feliza,Christine,25.8,Science,213,59.68,90.51,42.95
Carolina,Havens,28.9,English,96,15.86,54.69,11.48
Brandise,Jess,30.5,English,67,57.36,100.32,69.37
Tani,Kimmie,19.2,English,235,88.32,81.95,85.88
Aubrie,Obed,27.1,Science,10,95.37,43.14,30.16
Berget,Knowling,26,Science,361,62.25,45.66,46.33
Gertrud,Cosenza,28.1,English,17,56.46,26.53,29.21
Mariele,Brodench,30.2,Maths,265,44.95,18.31,86.86
Leanna,Killigrew,29.7,English,160,88.42,70.37,100.59
Caressa,Fitzsimmons,28.2,English,190,94.42,66.64,90.83
Farrah,Paine,21.2,Science,40,15.42,55.69,85.9
Xylina,Parette,22.8,Science,284,89.89,54.76,36.47
Kate,Naashom,30.1,English,105,14.29,72.72,45.71
Averyl,Roxanna,22,Science,354,36.15,12.17,30.89
Jemie,Durante,23.5,Science,103,80.06,13.27,49.22
Lilith,Rustice,21.7,English,327,31.97,4.5,2.09
Magdalena,Magdalen,23.8,English,180,88.79,11.18,24.15
Mary,Johnsson,23,Science,293,16.68,9.86,28.06
Leeanne,Tamsky,26.9,Science,16,69.68,86.53,63.35
Althea,Swigart,18.2,Maths,354,3.18,55.91,100.11
Lonnie,Stoller,30.8,Maths,362,18.83,96.18,78.94
Deedee,Goerke,30.6,Science,72,10.77,43.97,69.25
Lisette,Eugenia,29.6,Science,99,28.92,23.89,41.67
Sam,Othilia,29.5,English,246,2.87,46.63,83.3
Glenda,My,23,Science,26,23.86,22.18,46.1
Roslyn,Gwenore,24.5,English,119,84.78,37.21,25.35
Shirlee,Zrike,30.2,English,210,12.02,48.34,93.06
Anestassia,Kiyoshi,19.9,Maths,163,60.52,27.74,62.18
Imojean,Junie,29.4,Maths,9,9.72,65.04,63.19
Frieda,Chrystel,27.2,Science,8,58.04,8.11,85.57
Tori,Hoenack,30.9,Maths,325,50.62,45.97,4.73
Giustina,Diann,20.7,Maths,37,51.94,88.56,57.82
Orelia,Margarete,24.5,Science,6,17.65,43.99,90.23
Clary,Richers,20.9,Science,239,80.3,21.33,68.4
Roseline,Cohdwell,18.3,Maths,85,66.62,14.73,29.28
Brooks,Aida,21.8,Science,325,26.79,2.55,59.27
Imojean,Elbertina,20.7,Maths,166,22.19,35.08,0.64
Darlleen,Yorick,22.5,Maths,66,96.32,46.22,49.74
Berget,Wallis,26.9,English,335,90.61,12.41,54.95
Mady,Velick,30.2,Science,41,66.92,39.12,99.27
Shirlee,Lowry,21.4,Science,335,66.67,39.61,55.2
Lorenza,Sherfield,28.8,Maths,327,48.87,14.53,54.38
Kaja,Carolin,23.3,Maths,309,80.16,44.17,61.01
Lila,Leffen,21.2,Maths,69,19.88,50.09,16.28
Jan,Regan,29.5,Maths,50,71.53,28.6,22.49
Farrah,Naashom,22.4,Science,172,8.45,51.37,94.21
Imojean,Loeb,29.6,English,263,71.79,78.33,7
Yvonne,Fadiman,19.4,English,120,82.22,0.37,13.62
Antonietta,Emmy,18.2,Science,179,56.83,43.21,12.34
Damaris,Rossner,22.7,Maths,170,74.83,42.61,29.74
Nelle,Christine,23.4,Science,89,62.29,25.26,10.25
Jillayne,Ephrem,21.4,English,157,38.7,17.38,9.77
Jenilee,Hailee,25.4,Maths,344,20.09,23.28,72.36
Nicoli,Hillel,22.8,English,120,15.27,57.1,99.76
Harmonia,Scammon,25.1,Maths,365,2.33,39.32,93.86
Priscilla,Junie,20.2,Science,47,99.9,62.06,49.17
Lita,Bultman,30.7,Science,129,47.47,36.15,78.74
Catrina,Valoniah,29.5,Maths,72,53.4,97.81,71.02
Fawne,Elisha,24.5,Science,183,32.81,45.44,92.51
Abbie,Pascia,18.5,Science,76,45.37,100.46,58.24
Rebeca,Bettine,24.6,Maths,27,14.43,73.32,39.84
Gretal,Cosenza,22,English,209,40.55,0.64,28.88
Estell,Tiffa,26.9,Maths,93,28.37,53.34,8.29
Delilah,Gale,27.4,English,36,74.25,96.72,19.7
Gertrud,Lewes,18.5,Maths,338,23.36,26.78,91.45
Candy,Tippets,25.9,Science,6,16.34,10.19,22.68
Rivalee,Baptlsta,22.8,English,213,67.73,58.46,7.31
Max,Berard,28,Maths,272,17.15,32.08,54.47
Ruthe,Arvo,19,English,275,92.07,88.61,21.37
Mignon,Caitlin,22,Science,346,69.72,56.61,73.48
Kore,McClimans,25.1,English,75,69.92,19.44,33.98
Clementine,Charity,23.2,Maths,291,75.83,60.43,93.23
Dorice,Morrill,21.5,Science,200,81.98,16.73,11.43
Stephanie,Angelis,22.9,English,14,51.37,18.83,30.44
Lilith,Merna,26.5,Maths,16,17.87,85.73,61.93
June,Gabrielli,23.8,English,299,21.91,39.39,88.88
Maurene,Pulsifer,27.6,English,76,72.53,94.76,47.27
Lucille,Grobe,24,English,44,7.02,92.9,78.33
Vevay,Sekofski,26.3,Maths,19,61.52,52.24,78.02
Josephine,Jotham,26.8,Science,315,94.99,42.56,99.02
Peri,Dunkin,26.3,Maths,239,48.38,90.74,64.67
Leontine,Christal,20.3,English,56,39.69,35.28,48.7
Bertine,Havens,18.7,English,365,81.76,52.04,66.76
Brandise,Bendick,23.1,Science,259,78.58,66.45,46.79
Blinni,Faro,20.3,English,230,21.86,59.83,62.32
Florencia,Billye,24.9,Science,241,23.41,100.28,87.51
Carol-Jean,Duwalt,20.7,Maths,238,51.02,93.41,5.63
Alleen,Dorothy,26.7,English,306,60.28,80.77,98.12
Shel,Baudin,28.2,Maths,122,66.22,79.13,18.42
Marita,Suk,21.2,English,215,85.62,3.95,82.59
Annora,Grosz,29.2,Maths,268,13.29,33.94,76.49
Adore,Ursulette,25.2,English,205,98.2,77.74,20.8
Amii,Kaete,30,Science,86,65.92,32.66,63.56
Dianemarie,Shelba,18.6,English,18,66.63,45.1,65.65
Hildegaard,Ricki,23.7,Science,250,20.57,62.19,51.19
Collen,Justinn,21.2,Maths,239,67.61,47.82,44.82
Shirlee,Esmaria,23.1,Maths,60,92.52,82.02,91.4
Jacenta,Natalia,22.3,Maths,170,34.79,52.15,45.81
Minda,Toor,24.2,English,7,61.32,61.92,49.23
Lanae,Marijo,27.9,Science,258,50.1,70.81,47.59
Ann-Marie,Anestassia,29.2,English,129,40.59,31,97.17
Yvonne,Janene,25.7,Maths,299,82.56,35.26,28.32
Pierette,Shanley,21.3,Science,349,61.85,33.85,65.51
Angelique,Wallis,22.3,Science,252,4.09,1.81,79.53
Ottilie,Monk,25.6,Maths,317,52.28,66.07,64.4
Queenie,Croix,26.4,Maths,316,95.08,72.42,10.53
Kore,Rebecka,26.5,Science,78,25.71,83.74,39.33
Sheelagh,Gerge,19.4,Science,276,9.65,42.77,37.14
Emma,Judye,22.1,English,347,13.07,29.16,74.44
Dorene,Roarke,30.5,Science,63,57.75,51.95,72.32
Kial,Brotherson,27.3,Maths,130,83.5,40.99,68.16
Randa,Tice,26.3,Maths,255,93.23,99.26,50.76
Elbertina,Susannah,18.7,Maths,269,87.44,0.04,59.5
Aili,Fry,30,Maths,298,85.74,51.46,12.22
Celene,Sherrie,27.2,Science,54,15.43,3.13,33.7
Darlleen,Elbertina,30.5,English,350,97.05,9.44,99.45
Melanie,Ezar,18.9,English,117,86.64,69.4,15.49
Gusella,Riva,18,Maths,52,2.77,75.54,70.06
Isa,Miru,28.6,Maths,4,64.25,91.1,42.37
Celene,Jaylene,22,Science,150,85.6,37.3,35.07
Almeta,Winthorpe,18.5,English,144,64.61,88.81,78.44
Zondra,Ezar,26.3,English,187,7.15,57.78,97.93
Cordi,Horan,26,English,257,76.37,71.7,42.24
Janenna,Xerxes,18.1,Maths,115,86.33,5.09,24.25
Shannah,Louanna,20.6,Science,216,26.67,73.38,16.02
Charissa,Kellby,19.4,Science,12,23.56,86.59,87.42
Brynna,McLaughlin,28.3,English,24,49.78,29.99,42.47
Maridel,Westphal,30.1,Maths,172,99.94,66.51,10.43
Raf,Denis,22.9,Science,119,24.28,7.42,42.31
Livvyy,Xerxes,26,Maths,255,22.15,93.75,83.05
Nita,Garrison,30.7,English,166,1.01,32.23,81.12
Veda,Phyllis,20.6,Maths,200,61.01,62.15,10.39
Wynne,Grayce,30.6,Science,225,2.75,21.22,81.26
Shannah,Grobe,28.8,Maths,312,72.62,2.88,10.36
Tersina,Ardra,22.9,English,146,53.8,46.95,3.26
Millie,Estella,27.3,Maths,313,43.6,50.5,8.24
Julieta,Harl,22.1,Maths,250,81.79,90.24,94.07
Doralynne,Zachary,22.8,English,237,95.49,17.74,95.33
Shandie,Vharat,29.6,English,299,58.49,68.26,31.61
Janeczka,Joli,25.3,Maths,216,100.9,50.81,89.5
Chloris,Capello,26.6,English,250,77.24,84.81,5.85
Frank,Amadas,18.8,English,308,92.95,89.97,75.58
Louella,Llovera,22.9,English,34,72.95,24.92,8.24
Maye,Johnsson,24.3,Science,163,17.44,23.95,100.59
Tera,Zenas,26.9,English,272,49.29,5.9,13.61
Tera,Demitria,22.5,Maths,12,48.9,65.55,42.4
Kirbee,Orlene,22.9,English,202,39.56,18.74,47.79
Alisha,Shama,20.8,English,53,86,57.54,13.01
Leanna,Madaih,22.1,English,292,60.76,51.78,6.89
Delilah,Dunkin,25.7,Science,67,32.26,83.52,79.34
Eadie,Vanni,30.6,Science,228,96.3,76.5,45.69
Betta,Cecile,20.4,Maths,39,86.89,53.45,31.69
Betta,Mallon,29.3,English,336,37.85,63.68,13.52
Marti,Ailyn,27.1,English,53,56.03,2.64,36.43
Bibby,Allys,28.5,Science,146,65.31,64.67,48.51
Cherrita,Ledah,19,Science,135,44.03,100.63,26.13
Diena,Leonard,19.8,Science,267,83.47,71.82,16.16
Janeczka,Fitzsimmons,29.5,English,359,28.52,80.58,48.27
Steffane,Quent,24.1,Maths,18,82.61,95.85,78.34
Shandie,Fancie,29.7,English,245,55.84,12.67,61.19
Jackie,Dyche,28.3,English,362,65.35,80,31.93
Heddie,Dahlia,26.4,Maths,343,40.17,93.07,47.42
Camile,Amethist,29.7,English,137,30.46,89.33,4.2
Emylee,Papageno,22.4,English,25,72.02,74.42,48.99
Jessy,Thunell,20.7,English,337,38.86,19.88,69.39
Paule,Jena,20.1,English,338,86.7,12.22,79.29
Elvira,Fitzsimmons,20.2,Science,164,20.76,78.94,49.4
Nicoli,Wyn,27.8,English,350,61.71,4.02,90.98
Sheree,Aprile,28.2,English,157,19.81,74.7,2.68
Janeczka,Vastah,18.7,English,361,3.34,33.64,50.22
Marsiella,Bertold,25.1,Science,245,6.2,70.81,0.12
Agnese,Faust,21.1,Science,162,37.2,44.86,21.63
Paulita,Honoria,26.6,Maths,312,84.42,74.06,79.89
Meriel,Hermes,30.5,English,106,2.81,74.32,19.75
Grier,Rocray,18.6,English,193,44.11,75.48,89.97
Alexine,Emmy,23.9,Science,73,43.65,0.36,29.55
Jaime,Wenoa,28.8,English,323,45.94,74.35,56.51
Ottilie,Susannah,22,Science,284,9.65,98.95,16.79
Ursulina,Sacken,21.1,Maths,218,64.64,51.81,14.77
Chrystel,Natalia,28.3,Maths,6,27.25,60.06,28.74
Marleah,Kosey,24.9,Science,227,4.75,6.62,7.94
Queenie,Tristram,28.6,Science,149,7.61,40.03,91.68
Maud,Hathaway,25.8,Science,175,5.53,27.46,56.4
Ulrike,Margret,20.7,Maths,142,6.08,78.7,90.84
Calla,Barney,19,Maths,268,5.26,50.26,67.76
Krystle,Harl,22.4,English,12,89.9,48.26,83.59
Carly,Iaverne,24.8,Science,283,53.01,98.5,34.15
Merci,Hashim,29.5,English,209,89.02,90.26,67.49
Dari,Hurley,24.8,Maths,328,62.95,11.19,89.76
Ayn,Sophronia,19.1,English,142,96.81,61.35,10.55
Carlie,Love,21,English,55,97.19,75.25,30.59
Laurene,Maxi,29,Maths,253,20.15,22.44,70.74
Nanete,Gaal,18.3,Maths,297,33.57,77.73,92.49
Cassandra,Hamil,27.7,English,302,93.79,1.83,8.15
Agnese,Ackerley,25.3,Science,92,58.65,37.63,22.74
Dorothy,Wesle,22,Maths,310,69.66,55.94,37.31
Kenna,Karna,30.2,Science,256,97.96,6.07,1.62
Brandise,Sibyls,26.3,Science,230,2.55,47.54,78.09
Gale,Edmund,22,Science,15,38.72,20.3,31.48
Charissa,Teryn,29.7,English,315,74.96,30.89,21.53
Fernande,Laverne,19.9,English,85,1.06,85.05,72.31
Gui,Johanna,30.6,Maths,298,89.93,17.94,82.04
Cissiee,Cavan,25.5,English,129,92.59,68.73,20.67
Bernardine,Dichy,27.1,English,181,4.39,22.33,96.16
Gabriellia,Hoenack,22.2,Maths,206,2.12,59.18,28.52
Myriam,Caitlin,29.1,Science,127,58.8,56.11,86.11
Lily,O'Neill,23.5,Maths,210,88.93,58.85,35.32
Regina,Cassius,24.6,Maths,279,90.16,14.02,15.63
Ardeen,Drus,25.9,Maths,34,97.87,43.28,99.16
Margalo,Hubert,18.3,English,204,39.71,71.93,23.5
Ebonee,Munn,18.5,Science,14,88.84,25.32,53.84
Kore,Modie,30.2,Science,54,73.19,63.82,55.91
Anallese,Shields,18.3,Maths,62,98.07,67.82,3.77
Alyda,Dorothy,19,English,198,20.88,96.63,26.68
Edee,Shaddock,23.5,Science,12,25.76,87.78,83.45
Margette,Tristram,26.8,Science,219,56.29,1.83,14.59
Edyth,Screens,23.5,Science,197,73.78,39.69,61.98
Calla,Infield,18.9,English,53,72.72,57.41,96.94
Tera,Philipp,22.5,English,103,7.5,7.57,80.2
Rosabelle,Engdahl,25.7,English,177,86.87,85.21,52.22
Coral,Ashok,25.4,Maths,89,91.39,27.59,92.26
Doro,O'Neill,20.5,Science,267,84.93,30.94,26.59
Deloria,Uund,19.9,English,288,29.08,59.16,79.33
Merrie,Alarise,27.3,English,269,44.81,62.43,26.64
Adriana,Wind,20.7,Science,197,87.83,38.9,23.45
Aigneis,Minetta,22.4,Science,60,81.6,82.92,67.34
Danika,Lipson,20,English,330,95.91,31.22,52.22
Malina,Joachim,25.1,Maths,179,75.15,20.75,62.07
Lisette,Suanne,29.4,English,188,93.97,66.51,5.3
Sybille,Standing,24.5,Science,310,63.89,72.83,10.92
Dyann,Helfand,29,English,88,56.65,23.55,56.03
Cherilyn,Cynar,19.8,Science,265,74.58,44.1,50.64
Wendi,Dalli,21.8,Science,166,66.11,42.06,46.58
Cristine,Wadell,18.4,Science,307,56.81,68.92,43.83
Dianemarie,Longfellow,22.2,Science,346,2.67,78.13,92.66
Lusa,Plato,28.7,English,292,21.89,60.92,82.93
Ginnie,Miru,24.5,English,9,82.05,41.85,21.01
Johna,Pascia,27,English,271,1.09,16.39,64.74
Silvana,Kravits,29.6,Maths,118,100.43,90.17,37.66
Emilia,Gale,23.2,Maths,79,36.02,38.25,76.89
Lulita,Euridice,27.8,Maths,291,89.19,66.95,94.44
Sindee,Moina,18.4,English,96,49.24,67.71,10.97
Wilma,Obed,22.2,English,286,37.67,47.43,24.02
Elyssa,Susannah,26.6,English,210,84.54,58.09,46.49
Bill,Tound,28.3,Science,58,5.57,50.73,36.85
Mary,Docilla,20.7,Science,154,3.28,26.39,68.93
Konstance,Fairweather,28.4,English,162,10.05,51.74,29.2
Fina,Dichy,21.3,English,96,64.99,59.05,95.42
Alisha,Llovera,22.1,English,111,28.04,50.28,32.21
Myrtice,Erlandson,23.8,Maths,117,98.16,73.46,7.27
Ardys,Dyche,23.8,English,242,0.76,14.96,20.28
Phylis,Ellord,22.8,Maths,225,28.74,85.58,53.11
Evaleen,Oriana,27.7,English,48,39.41,77.96,56.38
Florie,Dowski,21.1,Science,65,44.75,8.34,72.73
Kayla,Mayeda,29.7,Science,74,99.64,63.76,3.05
Quintina,Engdahl,29.6,Science,14,64.35,20.97,37.56
Delilah,Bury,28,English,241,3.22,44.62,24.34
Dagmar,Cleavland,30.4,English,73,52.66,50.18,50.53
Vita,Barrus,21.5,Maths,133,73.28,60.64,60.28
Asia,Ball,28.5,English,101,93.57,83.39,51.73
June,Thornburg,24.5,English,276,0.42,84.51,27.61
Elvira,Andrel,26.4,Maths,186,46.92,58.04,59.61
Fred,Tybald,21.2,Maths,163,85.08,97.45,77.7
Emilia,Clywd,18.1,Science,215,90.76,40.4,50.67
Brianna,An,26.2,Maths,325,48.84,25.38,61.3
Ezmeralda,Nester,29.9,English,274,75.37,99.15,24.89
Fawne,Dorine,21.5,Maths,165,19.43,17.76,78.69
Nanete,Sibyls,19.6,Science,44,43.99,30.15,17.54
Iseabal,Jacobah,20.4,English,162,90.32,82.01,31.28
Bobbi,Holtz,18.3,English,309,49.16,44.24,31.05
Joy,Melony,27.2,English,337,34.63,54.19,25.81
Nanete,Kiersten,28.6,English,317,44.18,20.49,99.31
Evita,Even,28.6,Maths,63,26.14,8.81,62.7
Lila,Cornelia,22.2,English,249,1.31,67.53,42.27
Jenilee,Yuille,22.1,Science,261,18.56,9.66,88.78
Sashenka,Stoller,23.7,English,254,96.36,86.28,78.5
Jordan,Primalia,26,English,7,60.72,83.47,45.37
Ingrid,Lymann,23.1,English,90,35.76,99.93,44.88
Tina,Nore,28.3,Maths,205,95.84,67.8,5.16
Myrtice,Janith,28,English,362,24.21,20.63,42.99
Odessa,Sheng,28,Science,77,89.45,79.9,36.23
Phylis,Bibi,27.2,Maths,204,51.52,23.11,97.53
Priscilla,Lewes,23.2,Science,137,30.65,30.56,14.4
Dari,Burkle,26.1,Science,53,36.74,14.53,51.89
Danika,Dichy,20.6,Maths,108,37.36,22.57,81.19
Wendi,Mozelle,26.6,Maths,169,77.55,54.94,95.24
Jasmina,Chapland,25.1,Science,91,42.59,76.92,47.02
Odessa,Douglass,28.6,Science,273,23.66,49.12,61.95
Roberta,Gilmour,30.6,Science,266,58.11,6.55,36.92
Charlena,Tybald,27.3,English,262,61.09,87.25,47.88
Shaylyn,Urania,24.9,Maths,185,51.85,45.15,86.68
Kenna,Pacorro,25.1,English,27,26.7,34.7,21.65
Ardys,Adrienne,22.1,English,300,44.56,38.16,74.01
Correy,Ingra,20.8,English,170,86.26,46.5,70.85
Elbertina,Harday,19.1,Science,275,70.61,44.82,91.56
Cristabel,Hoban,19.1,Science,259,33.62,68.08,50.69
Harrietta,Stuart,24.7,Maths,271,45.39,12.09,92.96
Evaleen,Erskine,30.1,Maths,189,82.04,89.49,98.9
Candy,Merell,24,Science,189,57.31,46.21,7.68
Clementine,Carbo,24.1,Science,187,45.57,18.52,98.42
Fidelia,Tristram,20.3,Science,247,54.19,4.39,67.3
Beverley,Quent,25.5,Maths,121,62.01,51.1,9.2
Sara-Ann,Othilia,20.3,Maths,70,94.94,92.18,34.36
Rosene,Khorma,23.2,Maths,118,84.28,4.24,15.11
Dorothy,Olin,26.3,English,332,28.3,93.59,67.51
Cristine,Harned,30.3,Science,15,96.53,62.22,62.47
Cindelyn,Joni,30.8,Science,356,72.29,16.91,75.92
Helsa,Lory,26.6,Science,226,7.44,94.04,29.58
Vevay,Bouchard,26.7,English,48,12.15,21.64,89.7
Alleen,Alisia,22.8,Science,200,14.29,57,83.88
Carlie,Shaver,22.2,English,52,93.28,68.33,81.13
Roz,Leonard,27.4,Maths,267,31.5,57.81,45.75
Frieda,Mayeda,22.8,Science,215,15.69,93.72,62.94
Sharai,Catie,25.7,English,215,55.4,74,43.02
Esmeralda,Alisia,23.8,Maths,165,9.13,89.21,100.38
Marcelline,Hartnett,20.9,Maths,43,72.32,53.04,79.54
Phedra,Bettine,22.3,Science,211,17.64,85.89,79.24
Catharine,Tillford,23.9,Maths,25,1.78,42.63,20.45
Gusella,Morrill,25.6,Science,32,68.16,39.52,67.08
Kial,Mehalek,23.4,Maths,270,58.01,57.96,96.88
Damaris,Dorcy,30.3,Science,12,39.42,57.85,93.44
Bernie,Seumas,27.8,Science,249,86.24,99.48,3.83
Dorene,Bobbee,30.3,Maths,165,65.69,20.06,81.7
Keelia,Ioab,21.7,English,29,4.62,83.78,57.08
Jsandye,Ashok,29.4,Science,50,5.43,71.42,77.87
Verla,Johanna,30.8,Science,257,78.85,19.06,88.39
Frank,Letsou,19.8,Science,228,88.73,3.15,33.93
Rosaline,Hillel,27.1,Science,140,5.69,92.7,53.71
Cissiee,Carleen,25.9,Science,303,84.39,84.8,23.6
Imojean,Saree,18.8,Science,71,62.81,29.25,90.74
Ruthe,Argus,27.9,Maths,333,80.45,100.55,97.77
Cyb,Wattenberg,18.7,Maths,153,53.38,30.14,72.19
Tobe,Kermit,28,English,293,41.99,31.96,56.32
Ingrid,Means,30.6,Maths,323,42.16,98.77,62.86
Emmey,Margret,20.3,English,232,51.98,66.05,59.05
Sean,Tamar,29.3,Science,31,67.46,41.58,21.12
Philis,Tiffa,18.1,Science,333,63.4,39.81,70.34
Marika,Norvol,24.4,Maths,184,14.93,16.46,57.3
Britte,Dreda,22.7,English,361,80.35,17.12,39.43
Lily,Selway,27.8,Science,241,63.37,39.05,14.8
Eadie,Wildermuth,21.4,English,24,67.32,62.79,87.35
Lyssa,Cornelia,19.7,English,286,40.93,86.77,79.03
Fanchon,Tamsky,22.4,Maths,145,27.37,40.62,71.81
Elka,Lutero,23.3,Science,53,5.49,1.7,43.12
Brana,Vivle,24,Maths,51,60.75,6.88,71.59
Julieta,Francene,20.6,Maths,255,25.73,24,11.77
Atlanta,Milde,29,English,24,30.2,56.31,47.25
Carmencita,Voletta,23.5,Maths,179,30.27,86.46,40.77
Kylynn,Blisse,21.7,Science,149,7.5,96.64,72.35
Antonietta,Bartlett,23.9,English,270,0.14,70.72,89.93
Michaelina,Shama,18.5,Science,224,35.65,74.89,95.51
Riannon,Rheingold,19.6,Science,142,7.59,12.08,23.94
Beth,O'Rourke,18.3,Maths,74,68.34,54.32,42.59
Ana,Bennie,25.2,Science,235,34.55,32.64,23.55
Kaia,Atonsah,21.7,Maths,315,15.42,98.6,34.62
Raf,Lamoree,30.2,Science,80,27.28,49.86,61.5
Gerrie,Constancy,22.2,English,23,77.89,35.52,32.26
Stacey,Guthrie,28.2,Maths,59,73.27,8.36,81.25
Winny,Brodench,24.5,Maths,279,54.78,70.8,54.21
Dolli,Seumas,28,Maths,119,99.19,97.26,41.17
Basia,Monk,29.7,English,138,39.8,26.46,61.44
Althea,Goth,28.4,Maths,86,66.97,55.93,48.52
Mellicent,Judye,18.7,Science,13,81.19,60.56,2.76
Mellicent,Slifka,24.1,English,282,14.25,25.48,22.13
Karlee,Milson,22.9,Maths,227,99.71,25.67,6.07
Malina,Buckler,25.7,Science,114,3.2,21.93,11.47
Roxane,Zitvaa,19.8,Maths,335,59.4,49.09,31.33
Luci,Saunderson,23.9,English,1,46.58,5.92,42.46
Correy,Raul,24.1,Science,10,64.93,32.66,70.55
Aeriela,Sasnett,30.8,English,262,58.28,16.66,56.27
Loree,Nelsen,26.3,Science,146,87.15,26.66,50.51
Kittie,Christine,28.3,English,145,75.97,86.6,70.17
Mireielle,Baylor,29,English,74,29.4,14.14,41.32
Reeba,Raul,18.5,Science,0,44.44,25.94,24.09
Trixi,Nedrud,26.8,Science,52,87.64,6.77,85.7
Georgetta,Vanni,23,Maths,252,87.78,23.83,20.16
Janis,Bord,18.6,English,162,92.31,45.29,21.72
Anica,Argus,23.8,Maths,192,92.7,20.57,55
Aurore,Ashok,21,Maths,109,55.28,76.21,23.35
Konstance,Dreda,29.6,English,196,42.4,0.47,5.35
Genovera,Chandler,25.6,Maths,94,90.84,23.67,35.73
Millie,Phaidra,31,Maths,270,52.21,98.54,80.77
Darlleen,Palocz,21.1,Science,55,55.46,73.36,55.54
Kirstin,Leffen,19.4,Science,167,89.37,67.68,91.94
Sabina,Federica,23.2,English,83,74.32,26.08,23.13
Donnie,Lay,22.9,English,232,98,17.7,47.07
Sallie,Jacqui,25.7,Science,176,88.66,56.95,69.91
Antonietta,Reinke,26.2,English,91,0.74,15.89,33.51
Theodora,Xerxes,25.8,Maths,201,65.44,12.93,54.5
Mallory,Emmaline,23.3,English,354,35.82,35.65,31.11
Tori,Harday,20.7,English,139,18.75,31.88,41.83
Doralynne,Tamsky,22.2,Maths,149,98.36,39.86,75.21
Eadie,Madaih,30.4,English,307,40.17,62.87,55.13
Florencia,Jena,29.2,Maths,11,45.3,0.38,73.58
Roseline,Simmonds,27.8,Maths,350,96.64,22.41,11.9
Emma,Raychel,21.1,Science,215,10.05,43.83,21.77
Susan,Honoria,26.2,Maths,195,46.25,58.38,65.19
Farrah,Margarete,29.7,Maths,53,78.82,28.55,72.37
Christal,Bakerman,24.5,English,293,63.97,20.98,66.37
Tomasina,Irmine,29.7,English,155,38.43,27.65,14.03
Florie,Klemperer,25.6,Science,173,38.36,52.43,22.55
Alyda,Howlyn,28.8,Science,165,25.17,51.24,97.69
Yvonne,Stover,18.7,Science,275,11.64,4.08,80.22
Dagmar,Corilla,29.4,English,310,61.89,43.41,46.57
Vere,Allare,22.3,Maths,50,51.5,97.68,53.55
Mariele,Shelba,30.7,Maths,164,8.93,50.46,26.86
Misha,Means,23.2,Maths,251,3.23,88.09,41.38
Georgetta,Andrel,21.1,English,34,50.94,73.62,71.63
Rhea,Brandice,24.5,English,269,45.46,31.3,2.17
Rozele,Trey,24.1,English,136,61.75,89.05,81.1
Annabela,Bakerman,19.1,Maths,160,14.92,9.86,59.53
Tonia,Kauppi,25.9,English,272,54.43,98.74,42.66
Sean,Sallyann,21.6,Maths,216,83.65,21.9,48.74
Imojean,Bari,19.1,Maths,88,14.34,22.47,13.05
Karly,Drus,23.8,English,14,5.46,63,79.11
Kylynn,Sandye,26.9,Maths,179,45.71,38.5,0.49
Britte,Kare,23.2,English,364,26.81,87.93,52.43
Ezmeralda,Lindemann,30.4,Science,286,81.51,2.49,11.33
Morganica,Maribeth,23.7,Maths,241,55.19,78.88,33.06
Tilly,Alarise,30.1,Science,265,36.25,6.37,54.01
Gilda,Dearborn,22.3,Science,130,66.71,77.6,64.73
Jerry,Maisey,26.4,Science,273,51.79,23.93,10.49
Livvyy,Dunkin,21.2,Maths,326,26.87,44.65,48.1
Starla,Allys,29.9,Maths,203,65.82,36.01,11.89
Annecorinne,Cookie,28.8,Science,272,92.69,32.64,55.21
Augustine,Ezar,31,Maths,168,8.81,35.75,62.85
Bill,Olin,24.2,English,26,44.26,91.77,15.97
Libbie,Baptlsta,23.4,Maths,321,1.21,82.13,6.17
Lanna,Dowski,26.6,Science,79,44,62.01,73.4
Ileana,Eno,18.1,Maths,97,55.09,78.13,29.2
Jacenta,Daniele,22,English,265,25.9,26.19,56.18
Theodora,Vharat,28.2,English,17,64.96,59.42,25.95
Gilligan,Yerkovich,18.3,English,88,86.46,17.07,94.05
Clementine,Bach,27.2,English,231,58.18,83.25,53.34
Linzy,Newell,28.5,Maths,296,95.35,70.02,68.46
Mamie,Cassius,20,Science,99,24.86,35.56,7.57
Tamqrah,Lowry,20,English,123,92.8,94.45,69.8
Lacie,Baudin,26.4,Maths,270,30.55,66.65,67.63
Maud,Maroney,23.5,Maths,119,82.12,29.41,95.55
Brana,Joli,29.4,English,148,40.25,4.92,39.07
Catrina,Graig,21.5,Maths,315,1.01,20.97,87.28